"Invoice Number","Invoice Date","Invoice Due Date","Subtotal","Shipping","Discount","VAT","Total","Notes","Invoice Type","Status","Customer Name","Email Address","Address Line 1","Address Line 2","Town","County","Postcode","Phone Number","Shipping Name","Shipping Address Line 1","Shipping Address Line 2","Shipping Town","Shipping County","Shipping Postcode"
"14","2026-03-25","2026-05-10","250032","0","0","0","250032","","invoice","open","APPLE MANIA","-","NO, 04/5 MAKOLA","-","MAKOLA","SRILANKA","-","0776725567","APPLE MANIA","NO, 04/5 MAKOLA","-","MAKOLA","SRILANKA","-"
"11","2026-03-28","2026-05-07","513832","0","0","0","513832","","invoice","open","JAYASINGHE MOBILE CORNER","-","NO.27 KURUNEGALA ROAD PANNALA","-","PANNALA","SRILANKA","-","0776964013","JAYASINGHE MOBILE CORNER","NO.27 KURUNEGALA ROAD PANNALA","-","PANNALA","SRILANKA","-"
"13","2026-03-28","2026-05-07","73120","0","0","0","73120","","invoice","open","COMNET","-","NO.14C GANEMULLA ROAD KADAWATHA","-","KADAWATHA","SRILANKA","-","0112975801","COMNET","NO.14C GANEMULLA ROAD KADAWATHA","-","KADAWATHA","SRILANKA","-"
"16","2026-04-01","2026-05-26","40136","0","0","0","40136","","invoice","open","APPLE MANIA","-","NO. 04/5 MAKOLA SOUTH MAKOLA","","MAKOLA","SRILANKA","-","0776725567","APPLE MANIA","NO. 04/5 MAKOLA SOUTH MAKOLA","-","MAKOLA","SRILANKA","-"
"7","2026-04-04","2026-05-06","103240","0","0","0","103240","","invoice","open","NETHSARA CELL","-","MIRIGAMA ROAD BANDURAGODA","-","BANUDRAGODA","SRILANKA","-","0777180954","NETHSARA CELL","MIRIGAMA ROAD BANDURAGODA","-","BANUDRAGODA","SRILANKA","-"
"8","2026-04-04","2026-05-06","15096","0","0","0","15096","","invoice","open","DUSHEN MOBILE","-","-","-","-","SRILANKA","-","-","DUSHEN MOBILE","-","-","-","SRILANKA","-"
"9","2026-04-04","2026-12-05","55920","0","0","0","55920","","invoice","open","YU MOBILE","-","-","-","-","SRILANKA","-","-","YU MOBILE","-","-","-","SRILANKA","-"
"10","2026-04-04","2026-12-05","46240","0","0","0","46240","","invoice","open","MINT MOBILE","-","VEYANGODA","-","VEYANGODA","SRILANKA","-","0778722136","MINT MOBILE","VEYANGODA","-","VEYANGODA","SRILANKA","-"
"5","2026-04-06","2026-05-06","100112","0","0","0","100112","","invoice","open","KAVISHKA MOBILE","-","13/10 KANDY ROAD MAHARA KADAWATHA","-","KADAWATHA","SRILANKA","-","0765449390","KAVISHKA MOBILE","13/10 KANDY ROAD MAHARA KADAWATHA","-","KADAWATHA","SRILANKA","-"
"6","2026-04-06","2026-05-06","100224","0","0","0","100224","","invoice","open","DINU DELIGHT HUB","-","-","-","-","SRILANKA","-","-","DINU DELIGHT HUB","-","-","-","SRILANKA","-"
"2","2026-04-09","2026-05-10","449440","0","0","0","449440","","invoice","open","WE SMART","-","NO.214/1/6 MINUWANGODA ROAD EKAL","-","EKALA","SRI","-","0717621696","WE SMART","NO.214/1/6 MINUWANGODA ROAD EKAL","-","EKALA","SRI","-"
"3","2026-04-10","2026-05-10","80000","0","0","0","80000","","invoice","open","MOBILIZE.LK","-","37/3 NEGOMBO ROAD THUDELLA JAELA","-","JAELA","SRILANKA","-","0750101010","MOBILIZE.LK","37/3 NEGOMBO ROAD THUDELLA JAELA","-","JAELA","SRILANKA","-"
"4","2026-04-10","2026-05-10","55920","0","0","0","55920","","invoice","open","TOKEN CELLULAR","-","NO.01 COLOMBO ROAD GAMPAHA","-","GAMPAHA","SRILANKA","-","0701434124","TOKEN CELLULAR","NO.01 COLOMBO ROAD GAMPAHA","-","GAMPAHA","SRILANKA","-"
"12","2026-04-10","2026-05-10","103040","0","0","0","103040","","invoice","open","GALAXY MOBILE","-","NO.62RADAWANA ROAD KIRINDIWELA","-","KIRINDIWELA","SRILANKA","-","0777973832","GALAXY MOBILE","NO.62RADAWANA ROAD KIRINDIWELA","-","KIRINDIWELA","SRILANKA","-"
"15","2026-04-23","2026-05-23","112760","0","0","0","112760","","invoice","open","MOBILIZE.LK","-","37/3 NEGOMBO ROAD THUDELLA JAELA","-","JAELA","Sri Lanka","-","0750101010","MOBILIZE.LK","37/3 NEGOMBO ROAD THUDELLA JAELA","-","JAELA","Sri Lanka","-"
"1","2026-09-10","2026-05-10","652480","0","0","65248","717728","","invoice","paid","THILAKAWARDHANA CELL","-","-","-","KIRIBATHGODA","Sri Lanka","-","-","THILAKAWARDHANA CELL","-","-","KIRIBATHGODA","Sri Lanka","-"
